user_id,name,username,email,company_name,city
1,Leanne Graham,Bret,Sincere@april.biz,Romaguera-Crona,Gwenborough
2,Ervin Howell,Antonette,Shanna@melissa.tv,Deckow-Crist,Wisokyburgh
3,Clementine Bauch,Samantha,Nathan@yesenia.net,Romaguera-Jacobson,McKenziehaven
4,Patricia Lebsack,Karianne,Julianne.OConner@kory.org,Robel-Corkery,South Elvis
5,Chelsey Dietrich,Kamren,Lucio_Hettinger@annie.ca,Keebler LLC,Roscoeview
6,Mrs. Dennis Schulist,Leopoldo_Corkery,Karley_Dach@jasper.info,Considine-Lockman,South Christy
7,Kurtis Weissnat,Elwyn.Skiles,Telly.Hoeger@billy.biz,Johns Group,Howemouth
8,Nicholas Runolfsdottir V,Maxime_Nienow,Sherwood@rosamond.me,Abernathy Group,Aliyaview
9,Glenna Reichert,Delphine,Chaim_McDermott@dana.io,Yost and Sons,Bartholomebury
10,Clementina DuBuque,Moriah.Stanton,Rey.Padberg@karina.biz,Hoeger LLC,Lebsackbury
